wptname,region,airways,direction,chapter,page,alternates,aircraft,chart,ACL,updatedAt,createdAt,objectId
NOTSA,IRAN,Q1,OUTBOUND,10.1,32-72,"OIII, OIEE",Widebody,,,,,
LOVID,IRAN,Q1,OUTBOUND,10.1,33-72,OITT,Widebody,,,,,
ROVON,IRAN,Q1,OUTBOUND,10.1,33-72,OITT,Widebody,,,,,
TOTBO,IRAN,Q1,OUTBOUND,10.1,33-72,OITT,Widebody,,,,,
BONAM,TURKEY,"UG81, UL124",OUTBOUND,10.1,33-72,OITT,Widebody,,,,,
RADID,IRAN,W3,OUTBOUND,10.1,16-72,"OKBK, OBBI, OTBD",Widebody,,,,,
MESVI,IRAN,UL223,OUTBOUND,10.1,16-72,"OKBK, OBBI, OTBD",Widebody,,,,,
RETAS,OMAN,"N318, R685",OUTBOUND,10.1,5-72,"OMAA, OMAL, OOMS",Widebody,,,,,
EGROK,OMAN,"N318, R685",OUTBOUND,10.1,5-72,"OMAA, OMAL, OOMS",Widebody,,,,,
MEKNA,OMAN,"N318, R685",OUTBOUND,10.1,5-72,"OMAA, OMAL, OOMS",Widebody,,,,,
LAKLU,OMAN,"N318, R685",OUTBOUND,10.1,5-72,"OMAA, OMAL, OOMS",Widebody,,,,,
GEVED,OMAN,"N318, R685",OUTBOUND,10.1,5-72,"OMAA, OMAL, OOMS",Widebody,,,,,
PAXIM,OMAN,"P899, T506, N563",INBOUND,10.1,6-72,"OMAA, OMAL, OOMS",Widebody,,,,,
MEKNA,OMAN,"P899, T506, N563",INBOUND,10.1,6-72,"OMAA, OMAL, OOMS",Widebody,,,,,
TULBU,OMAN,"P899, T506, N563",INBOUND,10.1,6-72,"OMAA, OMAL, OOMS",Widebody,,,,,
MIXAM,OMAN,"P899, T506, N563",INBOUND,10.1,6-72,"OMAA, OMAL, OOMS",Widebody,,,,,
PAXIM,OMAN,L764,INBOUND,10.1,7-72,"OMAA, OMAL, OOMS",Widebody,,,,,
IVETO,OMAN,L764,INBOUND,10.1,7-72,"OMAA, OMAL, OOMS",Widebody,,,,,
LAGSA,IRAN,R659,OUTBOUND,10.1,8-72,"OISS, OIFM",Widebody,,,,,
KAVOT,IRAN,R659,OUTBOUND,10.1,8-72,"OISS, OIFM",Widebody,,,,,
KAVOT,IRAN,R659,OUTBOUND,10.1,9-72,OIFM,Widebody,,,,,
DAPOG,IRAN,R659,OUTBOUND,10.1,9-72,OIFM,Widebody,,,,,
LAGSA,IRAN,R659,OUTBOUND,10.1,10-72,OISS,Widebody,,,,,
KAVOT,IRAN,R659,OUTBOUND,10.1,10-72,OISS,Widebody,,,,,
UMH,IRAN,Q1,OUTBOUND,10.1,33-72,OITT,Widebody,,,,,
MCT,OMAN,"N318, R685",OUTBOUND,10.1,5-72,"OMAA, OMAL, OOMS",Widebody,,,,,
MCT,OMAN,"P899, T506, N563",INBOUND,10.1,6-72,"OMAA, OMAL, OOMS",Widebody,,,,,
MCT,OMAN,L764,INBOUND,10.1,7-72,"OMAA, OMAL, OOMS",Widebody,,,,,
ISN,IRAN,R659,OUTBOUND,10.1,8-72,"OISS, OIFM",Widebody,,,,,
ISN,IRAN,R659,OUTBOUND,10.1,9-72,OIFM,Widebody,,,,,
SYZ,IRAN,R659,OUTBOUND,10.1,10-72,OISS,Widebody,,,,,
ISN,IRAN,R659,OUTBOUND,10.1,11-72,OIFM,Widebody,,,,,
DAPOG,IRAN,R659,OUTBOUND,10.1,11-72,OIFM,Widebody,,,,,
BOXAM,IRAN,R659,OUTBOUND,10.1,11-72,OIFM,Widebody,,,,,
IKA,IRAN,R659,OUTBOUND,10.1,11-72,OIFM,Widebody,,,,,
TRN,IRAN,R659,OUTBOUND,10.1,11-72,OIFM,Widebody,,,,,
LAM,IRAN,UL223,OUTBOUND,10.1,12-72,OMAA,Widebody,,,,,
DASDO,IRAN,UL223,OUTBOUND,10.1,12-72,OMAA,Widebody,,,,,
MESVI,IRAN,UL223,OUTBOUND,10.1,12-72,OMAA,Widebody,,,,,
MESVI,IRAN,UL223,OUTBOUND,10.1,13-72,"OKBK, OBBI, OTBD, OEDF",Widebody,,,,,
ALTAX,IRAN,UL223,OUTBOUND,10.1,13-72,"OKBK, OBBI, OTBD, OEDF",Widebody,,,,,
SNJ,IRAN,UL223,OUTBOUND,10.1,13-72,"OKBK, OBBI, OTBD, OEDF",Widebody,,,,,
SNJ,IRAN/TURKEY,"UL223, UL124",OUTBOUND,10.1,14-72,OITT,Widebody,,,,,
UMH,IRAN/TURKEY,"UL223, UL124",OUTBOUND,10.1,14-72,OITT,Widebody,,,,,
VAN,IRAN/TURKEY,"UL223, UL124",OUTBOUND,10.1,14-72,OITT,Widebody,,,,,
MOBON,IRAN,"W10, W3",OUTBOUND,10.1,15-72,"OISS, OMSJ, OMDB, OMAA",Widebody,,,,,
SYZ,IRAN,"W10, W3",OUTBOUND,10.1,15-72,"OISS, OMSJ, OMDB, OMAA",Widebody,,,,,
RADID,IRAN,"W10, W3",OUTBOUND,10.1,15-72,"OISS, OMSJ, OMDB, OMAA",Widebody,,,,,
RADID,IRAN,"W3, UL223",OUTBOUND,10.1,16-72,"OKBK, OBBI, OTBD, OEDF",Widebody,,,,,
MESVI,IRAN,"W3, UL223",OUTBOUND,10.1,16-72,"OKBK, OBBI, OTBD, OEDF",Widebody,,,,,
ALTAX,IRAN,"W3, UL223",OUTBOUND,10.1,16-72,"OKBK, OBBI, OTBD, OEDF",Widebody,,,,,
ZAJ,IRAN,"UL125, R661, UL333, R660",OUTBOUND,10.1,17-72,OITT,Widebody,,,,,
TBZ,IRAN,"UL125, R661, UL333, R660",OUTBOUND,10.1,17-72,OITT,Widebody,,,,,
DASIS,IRAN,"UL125, R661, UL333, R660",OUTBOUND,10.1,17-72,OITT,Widebody,,,,,
SYZ,IRAN,UP574,OUTBOUND,10.1,18-72,"OISS, OIFM",Widebody,,,,,
OBTUX,IRAN,UP574,OUTBOUND,10.1,18-72,"OISS, OIFM",Widebody,,,,,
PEKAM,IRAN,UP574,OUTBOUND,10.1,18-72,"OISS, OIFM",Widebody,,,,,
EGPAT,IRAN,UP574,OUTBOUND,10.1,18-72,"OISS, OIFM",Widebody,,,,,
ISN,IRAN,UP574,OUTBOUND,10.1,18-72,"OISS, OIFM",Widebody,,,,,
ZAJ,IRAN,"R661, UL125, G482",OUTBOUND,10.1,19-72,OITT,Widebody,,,,,
TBZ,IRAN,"R661, UL125, G482",OUTBOUND,10.1,19-72,OITT,Widebody,,,,,
MAGRI,IRAN,"R661, UL125, G482",OUTBOUND,10.1,19-72,OITT,Widebody,,,,,
ZAJ,IRAN,UR654,OUTBOUND,10.1,20-72,OITT,Widebody,,,,,
MAGRI,IRAN,"UP574, R654",OUTBOUND,10.1,21-72,"OIEE, OIII",Widebody,,,,,
PEKAM,IRAN,"UP574, R654",OUTBOUND,10.1,21-72,"OIEE, OIII",Widebody,,,,,
SAV,IRAN,"UP574, R654",OUTBOUND,10.1,21-72,"OIEE, OIII",Widebody,,,,,
SESBI,IRAN,"UP574, R654",OUTBOUND,10.1,21-72,"OIEE, OIII",Widebody,,,,,
LABKA,IRAN,"UP574, R654",OUTBOUND,10.1,21-72,"OIEE, OIII",Widebody,,,,,
ZAJ,IRAN,"UP574, R654",OUTBOUND,10.1,21-72,"OIEE, OIII",Widebody,,,,,
RADAL,IRAN,N39,OUTBOUND,10.1,22-72,"OIIE, OIII",Widebody,,,,,
NSR,IRAN/AZERBAIJAN/ARMENIA,"R661, UL125, L125",OUTBOUND,10.1,23-72,"UBBN, OITT, UDYZ",Widebody,,,,,
TBZ,IRAN/AZERBAIJAN/ARMENIA,"R661, UL125, L125",OUTBOUND,10.1,23-72,"UBBN, OITT, UDYZ",Widebody,,,,,
DULAV,IRAN/AZERBAIJAN/ARMENIA,"R661, UL125, L125",OUTBOUND,10.1,23-72,"UBBN, OITT, UDYZ",Widebody,,,,,
NEGAN,IRAN/AZERBAIJAN/ARMENIA,"R661, UL125, L125",OUTBOUND,10.1,23-72,"UBBN, OITT, UDYZ",Widebody,,,,,
REGBI,IRAN/AZERBAIJAN/ARMENIA,"R661, UL125, L125",OUTBOUND,10.1,23-72,"UBBN, OITT, UDYZ",Widebody,,,,,
BND,IRAN,A419,OUTBOUND,10.1,24-72,"OIKB, OMSJ, OMDB, OMAA, OIKK",Widebody,,,,,
TAVNO,IRAN,A419,OUTBOUND,10.1,24-72,"OIKB, OMSJ, OMDB, OMAA, OIKK",Widebody,,,,,
NANTO,IRAN,A419,OUTBOUND,10.1,24-72,"OIKB, OMSJ, OMDB, OMAA, OIKK",Widebody,,,,,
ALMEK,IRAN,A419,OUTBOUND,10.1,24-72,"OIKB, OMSJ, OMDB, OMAA, OIKK",Widebody,,,,,
KER,IRAN,A419,OUTBOUND,10.1,24-72,"OIKB, OMSJ, OMDB, OMAA, OIKK",Widebody,,,,,
KER,IRAN,A419,OUTBOUND,10.1,25-72,OIKK,Widebody,,,,,
AVGUV,IRAN,A419,OUTBOUND,10.1,25-72,OIKK,Widebody,,,,,
TBS,IRAN,A419,OUTBOUND,10.1,25-72,OIKK,Widebody,,,,,
TBS,IRAN/TURKMENISTAN,A419,OUTBOUND,10.1,26-72,UTAA,Widebody,,,,,
RIKOP,IRAN/TURKMENISTAN,A419,OUTBOUND,10.1,26-72,UTAA,Widebody,,,,,
ASB,IRAN/TURKMENISTAN,A419,OUTBOUND,10.1,26-72,UTAA,Widebody,,,,,
BND,IRAN,A453,OUTBOUND,10.1,27-72,"OIZH, OMAA, OMDB",Widebody,,,,,
NABOX,IRAN,A453,OUTBOUND,10.1,27-72,"OIZH, OMAA, OMDB",Widebody,,,,,
ZDN,IRAN,A453,OUTBOUND,10.1,27-72,"OIZH, OMAA, OMDB",Widebody,,,,,
DASDO,IRAN,Q2,OUTBOUND,10.1,28-72,"OISS, OEDF, OBBI, OTHH, OMAA",Widebody,,,,,
YSJ,IRAN,Q2,OUTBOUND,10.1,28-72,"OISS, OEDF, OBBI, OTHH, OMAA",Widebody,,,,,
KASOL,IRAN,Q1,OUTBOUND,10.1,29-72,"OISS, OEDF, OBBI, OTHH, OMAA",Widebody,,,,,
YSJ,IRAN,Q1,OUTBOUND,10.1,29-72,"OISS, OEDF, OBBI, OTHH, OMAA",Widebody,,,,,
SYZ,IRAN,Q1,OUTBOUND,10.1,29-72,"OISS, OEDF, OBBI, OTHH, OMAA",Widebody,,,,,
YSJ,IRAN,Q1,OUTBOUND,10.1,30-72,"OKBK, OEDF, OBBI, OTHH, OMAA",Widebody,,,,,
60NM NW YSJ,IRAN,Q1,OUTBOUND,10.1,30-72,"OKBK, OEDF, OBBI, OTHH, OMAA",Widebody,,,,,
60NM NW YSJ,IRAN,Q1,OUTBOUND,10.1,31-72,"OKBK, OEDF, OBBI, OTHH, OMAA",Widebody,,,,,
NOTSA,IRAN,Q1,OUTBOUND,10.1,32-72,"OIIE, OIII",Widebody,,,,,
LOVID,IRAN,Q1,OUTBOUND,10.1,32-72,"OIIE, OIII",Widebody,,,,,
BND,IRAN,W32,OUTBOUND,10.1,34-72,"OIKK, OIKB, OMSJ, OMDB, OMAA",Widebody,,,,,
SRJ,IRAN,W32,OUTBOUND,10.1,34-72,"OIKK, OIKB, OMSJ, OMDB, OMAA",Widebody,,,,,
DESLA,IRAN,W32,OUTBOUND,10.1,34-72,"OIKK, OIKB, OMSJ, OMDB, OMAA",Widebody,,,,,
DESLA,IRAN,W32,OUTBOUND,10.1,35-72,"OIFM, OIIE, OIII",Widebody,,,,,
YZD,IRAN,W32,OUTBOUND,10.1,35-72,"OIFM, OIIE, OIII",Widebody,,,,,
ANK,IRAN,W32,OUTBOUND,10.1,35-72,"OIFM, OIIE, OIII",Widebody,,,,,
ANK,IRAN,"UL125, G208",OUTBOUND,10.1,36-72,"OIIE, OIII",Widebody,,,,,
RADAL,IRAN,"UL125, G208",OUTBOUND,10.1,36-72,"OIIE, OIII",Widebody,,,,,
EGPAT,IRAN,"UP574, R654, UL124",INBOUND,10.1,37-72,"OIIE, OIFM",Widebody,,,,,
EGVEL,IRAN,"UP574, R654, UL124",INBOUND,10.1,37-72,"OIIE, OIFM",Widebody,,,,,
SAV,IRAN,"UP574, R654, UL124",INBOUND,10.1,37-72,"OIIE, OIFM",Widebody,,,,,
RUS,IRAN,"UP574, R654, UL124",INBOUND,10.1,37-72,"OIIE, OIFM",Widebody,,,,,
KUPTO,IRAN,"UP574, G666",INBOUND,10.1,38-72,"OIFM, OISS",Widebody,,,,,
SYZ,IRAN,"UP574, G666",INBOUND,10.1,38-72,"OIFM, OISS",Widebody,,,,,
OBTUX,IRAN,"UP574, G666",INBOUND,10.1,38-72,"OIFM, OISS",Widebody,,,,,
LOXAK,IRAN,"UP574, G666",INBOUND,10.1,38-72,"OIFM, OISS",Widebody,,,,,
EGPAT,IRAN,"UP574, G666",INBOUND,10.1,38-72,"OIFM, OISS",Widebody,,,,,
ALRAM,IRAN,Q3,INBOUND,10.1,39-72,OITT,Widebody,,,,,
KAPES,IRAN,Q3,INBOUND,10.1,39-72,OITT,Widebody,,,,,
UMH,IRAN,UL223,INBOUND,10.1,40-72,OITT,Widebody,,,,,
SNJ,IRAN,UL223,INBOUND,10.1,40-72,OITT,Widebody,,,,,
MESVI,IRAN,UL223,INBOUND,10.1,41-72,"OKBK, OEDF, OBBI, OTBD",Widebody,,,,,
ALTAX,IRAN,UL223,INBOUND,10.1,41-72,"OKBK, OEDF, OBBI, OTBD",Widebody,,,,,
SNJ,IRAN,UL223,INBOUND,10.1,41-72,"OKBK, OEDF, OBBI, OTBD",Widebody,,,,,
MESVI,IRAN,UL223,INBOUND,10.1,42-72,OMAA,Widebody,,,,,
DASDO,IRAN,UL223,INBOUND,10.1,42-72,OMAA,Widebody,,,,,
ALTAX,IRAN,UL223,INBOUND,10.1,42-72,OMAA,Widebody,,,,,
MESVI,IRAN,UL223,INBOUND,10.1,43-72,"OKBK, OEDF, OBBI, OTBD",Widebody,,,,,
RADID,IRAN,UL223,INBOUND,10.1,43-72,"OKBK, OEDF, OBBI, OTBD",Widebody,,,,,
RADID,IRAN,"W3, W10",INBOUND,10.1,44-72,"OISS, OMSJ, OMDB, OMAA",Widebody,,,,,
SYZ,IRAN,"W3, W10",INBOUND,10.1,44-72,"OISS, OMSJ, OMDB, OMAA",Widebody,,,,,
TAGTA,IRAN,"W3, W10",INBOUND,10.1,44-72,"OISS, OMSJ, OMDB, OMAA",Widebody,,,,,
MOBON,IRAN,"W3, W10",INBOUND,10.1,44-72,"OISS, OMSJ, OMDB, OMAA",Widebody,,,,,
KER,IRAN,A419,INBOUND,10.1,45-72,"OIKK, OIKB, OMSJ, OMDB, OMAA",Widebody,,,,,
ALMEK,IRAN,A419,INBOUND,10.1,45-72,"OIKK, OIKB, OMSJ, OMDB, OMAA",Widebody,,,,,
NANTO,IRAN,A419,INBOUND,10.1,45-72,"OIKK, OIKB, OMSJ, OMDB, OMAA",Widebody,,,,,
TAVNO,IRAN,A419,INBOUND,10.1,45-72,"OIKK, OIKB, OMSJ, OMDB, OMAA",Widebody,,,,,
BND,IRAN,A419,INBOUND,10.1,45-72,"OIKK, OIKB, OMSJ, OMDB, OMAA",Widebody,,,,,
TBZ,IRAN,"UR661, UL125",INBOUND,10.1,46-72,OITT,Widebody,,,,,
ZAJ,IRAN,"UR661, UL125",INBOUND,10.1,46-72,OITT,Widebody,,,,,
ZAJ,IRAN,"R654, UL124",INBOUND,10.1,47-72,"OIIE, OIII",Widebody,,,,,
SESBI,IRAN,"R654, UL124",INBOUND,10.1,47-72,"OIIE, OIII",Widebody,,,,,
SAV,IRAN,"R654, UL124",INBOUND,10.1,47-72,"OIIE, OIII",Widebody,,,,,
PEKAM,IRAN,"R654, UL124",INBOUND,10.1,47-72,"OIIE, OIII",Widebody,,,,,
PEKAM,IRAN,UP574,INBOUND,10.1,48-72,"OIFM, OISS",Widebody,,,,,
EGPAT,IRAN,UP574,INBOUND,10.1,48-72,"OIFM, OISS",Widebody,,,,,
OBTUX,IRAN,UP574,INBOUND,10.1,48-72,"OIFM, OISS",Widebody,,,,,
SYZ,IRAN,UP574,INBOUND,10.1,48-72,"OIFM, OISS",Widebody,,,,,
MAGRI,IRAN,UR654,INBOUND,10.1,49-72,OITT,Widebody,,,,,
ZAJ,IRAN,UR654,INBOUND,10.1,49-72,OITT,Widebody,,,,,
ZAJ,IRAN,"G482, R661, UL125",INBOUND,10.1,50-72,OITT,Widebody,,,,,
TBZ,IRAN,"G482, R661, UL125",INBOUND,10.1,50-72,OITT,Widebody,,,,,
MAGRI,IRAN,"G482, R661, UL125",INBOUND,10.1,50-72,OITT,Widebody,,,,,
LABKA,IRAN,"UP574, R654, UL124",INBOUND,10.1,51-72,"OIIE, OIII",Widebody,,,,,
SESBI,IRAN,"UP574, R654, UL124",INBOUND,10.1,51-72,"OIIE, OIII",Widebody,,,,,
SAV,IRAN,"UP574, R654, UL124",INBOUND,10.1,51-72,"OIIE, OIII",Widebody,,,,,
PEKAM,IRAN,"UP574, R654, UL124",INBOUND,10.1,51-72,"OIIE, OIII",Widebody,,,,,
NSR,IRAN,N39,INBOUND,10.1,52-72,"OIIE, OIII",Widebody,,,,,
RADAL,IRAN,N39,INBOUND,10.1,52-72,"OIIE, OIII",Widebody,,,,,
KER,IRAN,A419,INBOUND,10.1,53-72,OIKK,Widebody,,,,,
TBS,IRAN,A419,INBOUND,10.1,53-72,OIKK,Widebody,,,,,
AVGUV,IRAN,A419,INBOUND,10.1,53-72,OIKK,Widebody,,,,,
LONIS,YEMEN,UM651,OUTBOUND,10.1,54-72,OYAA,Widebody,,,,,
KRA,YEMEN,UM651,INBOUND,10.1,55-72,OYAA,Widebody,,,,,
ALE,SYRIA/TURKEY,UM861,OUTBOUND,10.1,56-72,"LTAJ, LTAF, LTAC",Widebody,,,,,
MILBA,SYRIA/TURKEY,UM861,OUTBOUND,10.1,56-72,"LTAJ, LTAF, LTAC",Widebody,,,,,
TEVDA,SYRIA/TURKEY,UM861,OUTBOUND,10.1,56-72,"LTAJ, LTAF, LTAC",Widebody,,,,,
BELSU,SYRIA/TURKEY,UM861,OUTBOUND,10.1,56-72,"LTAJ, LTAF, LTAC",Widebody,,,,,
BUK,SYRIA/TURKEY,UM861,OUTBOUND,10.1,56-72,"LTAJ, LTAF, LTAC",Widebody,,,,,
PG,PAKISTAN,G325,OUTBOUND,10.1,57-72,OPKC,Widebody,,,,,
KAREM,PAKISTAN,G325,OUTBOUND,10.1,57-72,OPKC,Widebody,,,,,
KAREM,PAKISTAN,"G325, J215, J133",OUTBOUND,10.1,58-72,"OPPS, OPRN",Widebody,,,,,
REGET,PAKISTAN,"G325, J215, J133",OUTBOUND,10.1,58-72,"OPPS, OPRN",Widebody,,,,,
PS,PAKISTAN,G325,OUTBOUND,10.1,60-72,"OPPS, OPRN",Widebody,,,,,
GT,PAKISTAN,G325,OUTBOUND,10.1,60-72,"OPPS, OPRN",Widebody,,,,,
PURPA,PAKISTAN,G325,OUTBOUND,10.1,60-72,"OPPS, OPRN",Widebody,,,,,
PURPA,PAKISTAN,"G325, B215",OUTBOUND,10.1,62-72,"ZWSH, ZWTN",Widebody,,,,,
SCH,PAKISTAN,"G325, B215",OUTBOUND,10.1,62-72,"ZWSH, ZWTN",Widebody,,,,,
BND,PAKISTAN,"A453, J177",OUTBOUND,10.1,64-72,"OIZH, OMAA, OMDB",Widebody,,,,,
NABOX,PAKISTAN,"A453, J177",OUTBOUND,10.1,64-72,"OIZH, OMAA, OMDB",Widebody,,,,,
ZDN,PAKISTAN,"A453, J177",OUTBOUND,10.1,64-72,"OIZH, OMAA, OMDB",Widebody,,,,,
LAKRA,PAKISTAN,"A453, J177",OUTBOUND,10.1,64-72,"OIZH, OMAA, OMDB",Widebody,,,,,
KAREM,PAKISTAN,"J145, J165",INBOUND,10.1,65-72,"OPPS, OPRN",Widebody,,,,,
REGET,PAKISTAN,"J145, J165",INBOUND,10.1,65-72,"OPPS, OPRN",Widebody,,,,,
KAREM,PAKISTAN,"J133, G325, J215",INBOUND,10.1,66-72,OPKC,Widebody,,,,,
PG,PAKISTAN,"J133, G325, J215",INBOUND,10.1,66-72,OPKC,Widebody,,,,,
SCH,PAKISTAN/CHINA,B215,INBOUND,10.1,68-72,"ZWSH, ZWTN",Widebody,,,,,
PURPA,PAKISTAN/CHINA,B215,INBOUND,10.1,68-72,"ZWSH, ZWTN",Widebody,,,,,
GT,PAKISTAN/CHINA,B215,INBOUND,10.1,68-72,"ZWSH, ZWTN",Widebody,,,,,
PURPA,PAKISTAN,G325,INBOUND,10.1,70-72,"OPPS, OPRN",Widebody,,,,,
GT,PAKISTAN,G325,INBOUND,10.1,70-72,"OPPS, OPRN",Widebody,,,,,
PS,PAKISTAN,G325,INBOUND,10.1,70-72,"OPPS, OPRN",Widebody,,,,,
NARAN,NEPAL/INDIA,L626,INBOUND,10.1,72-72,"VILK, VIPD",Widebody,,,,,
PALPA,NEPAL/INDIA,L626,INBOUND,10.1,72-72,"VILK, VIPD",Widebody,,,,,
SUKET,NEPAL/INDIA,L626,INBOUND,10.1,72-72,"VILK, VIPD",Widebody,,,,,
HW,NEPAL/INDIA,L626,INBOUND,10.1,72-72,"VILK, VIPD",Widebody,,,,,
BAYIR,TURKEY,"UG81, UL124",OUTBOUND,10.2,5-62,"LTCC, LTCS",Widebody,10.133-72.png,,,,
KESIR,TURKEY,"UL852, UW71",OUTBOUND,10.2,6-62,"LTCE, LTCG",Widebody,10.25-62.png,,,,
ULGAN,TURKEY,UL852,OUTBOUND,10.2,6-62,"LTCE, LTCG",Widebody,10.26-62.png,,,,
BAVTI,TURKEY,"UW71, UL851",OUTBOUND,10.2,6-62,"LTCE ,LTCG",Widebody,10.25-62.png,,,,
DORUK,TURKEY,"UW71, UL851",OUTBOUND,10.2,6-62,"LTCE, LTCG",Widebody,10.29-62.png,,,,
VAN,TURKEY,"UG81, UL124",OUTBOUND,10.2,5-62,"LTCC, LTCS",Widebody,,,,,
VAN,TURKEY,"UL851, UA4, UL615",OUTBOUND,10.2,6-62,"LTCE, LTCG",Widebody,,,,,
ERZ,TURKEY,"UW71, UL851",OUTBOUND,10.2,6-62,"LTCE, LTCG",Widebody,,,,,
TBN,TURKEY,"UW71, UL851",OUTBOUND,10.2,6-62,"LTCE ,LTCG",Widebody,,,,,
EZS,TURKEY,"UG8, UL614",OUTBOUND,10.2,7-62,LTAC,Widebody,,,,,
GEM,TURKEY,"UG8, UL614",OUTBOUND,10.2,7-62,LTAC,Widebody,,,,,
BUK,TURKEY,"UG8, UL614",OUTBOUND,10.2,7-62,LTAC,Widebody,,,,,
EZS,TURKEY,"W710, UW710",OUTBOUND,10.2,8-62,"LTAC, LTFH, LTCC",Widebody,,,,,
SIV,TURKEY,"W710, UW710",OUTBOUND,10.2,8-62,"LTAC, LTFH, LTCC",Widebody,,,,,
BUK,TURKEY,"W710, UW710",OUTBOUND,10.2,8-62,"LTAC, LTFH, LTCC",Widebody,,,,,
VAN,TURKEY,UL852,OUTBOUND,10.2,9-62,"LTCE, LTCG",Widebody,,,,,
KESIR,TURKEY,UL852,OUTBOUND,10.2,9-62,"LTCE, LTCG",Widebody,,,,,
ULGAN,TURKEY,UL852,OUTBOUND,10.2,9-62,"LTCE, LTCG",Widebody,,,,,
ULGAN,TURKEY,"L852, UL852",OUTBOUND,10.2,10-62,"LTCG, LTFH, LTAC",Widebody,,,,,
BALON,TURKEY,"L852, UL852",OUTBOUND,10.2,10-62,"LTCG, LTFH, LTAC",Widebody,,,,,
CRM,TURKEY,"L852, UL852",OUTBOUND,10.2,10-62,"LTCG, LTFH, LTAC",Widebody,,,,,
SEHER,TURKEY,"L852, UL852",OUTBOUND,10.2,10-62,"LTCG, LTFH, LTAC",Widebody,,,,,
ERZ,TURKEY,UW704,OUTBOUND,10.2,11-62,LTCG,Widebody,,,,,
SONAD,TURKEY,UW704,OUTBOUND,10.2,11-62,LTCG,Widebody,,,,,
DASIS,TURKEY,"UR660, R660",OUTBOUND,10.2,11-62,"LTCE, LTCG",Widebody,,,,,
ERZ,TURKEY,"UR660, R660",OUTBOUND,10.2,11-62,"LTCE, LTCG",Widebody,,,,,
ERH,TURKEY,"W73, UW73",OUTBOUND,10.2,13-62,"LTAC, LTFH",Widebody,,,,,
GEM,TURKEY,"W73, UW73",OUTBOUND,10.2,13-62,"LTAC, LTFH",Widebody,,,,,
KABAN,TURKEY,"UR21, UM860",OUTBOUND,10.2,14-62,LTCC,Widebody,,,,,
RENGI,TURKEY,"UR21, UM860",OUTBOUND,10.2,14-62,LTCC,Widebody,,,,,
TALIL,TURKEY,"UR21, UM860",OUTBOUND,10.2,14-62,LTCC,Widebody,,,,,
TALIL,TURKEY,UM860,OUTBOUND,10.2,15-62,"LTCG, LTFH, LTAC",Widebody,,,,,
EBEDI,TURKEY,UM860,OUTBOUND,10.2,15-62,"LTCG, LTFH, LTAC",Widebody,,,,,
ODALI,TURKEY,UM860,OUTBOUND,10.2,15-62,"LTCG, LTFH, LTAC",Widebody,,,,,
CRM,TURKEY,UM860,OUTBOUND,10.2,15-62,"LTCG, LTFH, LTAC",Widebody,,,,,
KABAN,TURKEY,UT334,OUTBOUND,10.2,16-62,LTCC,Widebody,,,,,
ULSAB,TURKEY,UT334,OUTBOUND,10.2,16-62,LTCC,Widebody,,,,,
NULRU,TURKEY,UT334,OUTBOUND,10.2,16-62,LTCC,Widebody,,,,,
KONUK,TURKEY,"UW88, W88",OUTBOUND,10.2,17-62,"LTCE, LTCG, LTFH",Widebody,,,,,
TBN,TURKEY,"UW88, W88",OUTBOUND,10.2,17-62,"LTCE, LTCG, LTFH",Widebody,,,,,
NULRU,TURKEY,UT334,OUTBOUND,10.2,18-62,"LTCG, LTAC, LTFH",Widebody,,,,,
ELNEM,TURKEY,UT334,OUTBOUND,10.2,18-62,"LTCG, LTAC, LTFH",Widebody,,,,,
ASVOD,TURKEY,UT334,OUTBOUND,10.2,18-62,"LTCG, LTAC, LTFH",Widebody,,,,,
ORVOR,TURKEY,UT334,OUTBOUND,10.2,18-62,"LTCG, LTAC, LTFH",Widebody,,,,,
KABAN,TURKEY,"UT334, UG8, UL614",OUTBOUND,10.2,19-62,"LTCC, LTAF",Widebody,,,,,
TAMER,TURKEY,"UT334, UG8, UL614",OUTBOUND,10.2,19-62,"LTCC, LTAF",Widebody,,,,,
EZS,TURKEY,"UT334, UG8, UL614",OUTBOUND,10.2,19-62,"LTCC, LTAF",Widebody,,,,,
DYB,TURKEY,"UP975, UW104, W104",OUTBOUND,10.2,20-62,LTCC,Widebody,,,,,
EZS,TURKEY,"UP975, UW104, W104",OUTBOUND,10.2,20-62,LTCC,Widebody,,,,,
DYB,TURKEY,"W73, UW73",OUTBOUND,10.2,21-62,LTCC,Widebody,,,,,
ERH,TURKEY,"W73, UW73",OUTBOUND,10.2,21-62,LTCC,Widebody,,,,,
GAZ,TURKEY,"UB36, UM854",OUTBOUND,10.2,22-62,LTAC,Widebody,,,,,
GEM,TURKEY,"UB36, UM854",OUTBOUND,10.2,22-62,LTAC,Widebody,,,,,
GAZ,TURKEY,UL602,INBOUND,10.2,23-62,"LTAF, LTAC",Widebody,,,,,
SULAK,TURKEY,UL602,INBOUND,10.2,23-62,"LTAF, LTAC",Widebody,,,,,
BELSU,TURKEY,UL602,INBOUND,10.2,23-62,"LTAF, LTAC",Widebody,,,,,
BUK,TURKEY,UL602,INBOUND,10.2,23-62,"LTAF, LTAC",Widebody,,,,,
GAZ,TURKEY,"UA17, UL605",INBOUND,10.2,24-62,"LTAF, LTAC",Widebody,,,,,
ERHAN,TURKEY,"UA17, UL605",INBOUND,10.2,24-62,"LTAF, LTAC",Widebody,,,,,
BELSU,TURKEY,"UA17, UL605",INBOUND,10.2,24-62,"LTAF, LTAC",Widebody,,,,,
BAG,TURKEY,"UA17, UL605",INBOUND,10.2,24-62,"LTAF, LTAC",Widebody,,,,,
EZS,TURKEY,"UG8, UL614",INBOUND,10.2,25-62,LTAC,Widebody,,,,,
GEM,TURKEY,"UG8, UL614",INBOUND,10.2,25-62,LTAC,Widebody,,,,,
BUK,TURKEY,"UG8, UL614",INBOUND,10.2,25-62,LTAC,Widebody,,,,,
ERN,TURKEY,"T31, UT31",INBOUND,10.2,26-62,"LTCE, LTCG",Widebody,,,,,
DASIS,TURKEY,"T31, UT31",INBOUND,10.2,26-62,"LTCE, LTCG",Widebody,,,,,
SIV,TURKEY,"UT31, T31",INBOUND,10.2,27-62,"LTAC, LTFH, LTCG, LTCE",Widebody,,,,,
ERN,TURKEY,"UT31, T31",INBOUND,10.2,27-62,"LTAC, LTFH, LTCG, LTCE",Widebody,,,,,
KONUK,TURKEY,UM860,INBOUND,10.2,28-62,"LTCE, LTCG",Widebody,,,,,
TALIL,TURKEY,UM860,INBOUND,10.2,28-62,"LTCE, LTCG",Widebody,,,,,
RENGI,TURKEY,UM860,INBOUND,10.2,28-62,"LTCE, LTCG",Widebody,,,,,
KONUK,TURKEY,UM860,INBOUND,10.2,29-62,"LTCG, LTFH, LTCE",Widebody,,,,,
ODALI,TURKEY,UM860,INBOUND,10.2,29-62,"LTCG, LTFH, LTCE",Widebody,,,,,
CRM,TURKEY,UM860,INBOUND,10.2,29-62,"LTCG, LTFH, LTCE",Widebody,,,,,
GULRA,TURKEY,UM688,INBOUND,10.2,30-62,"LTCG, LTFH, LTAC, LTCE",Widebody,,,,,
CRM,TURKEY,UM688,INBOUND,10.2,30-62,"LTCG, LTFH, LTAC, LTCE",Widebody,,,,,
INTAB,TURKEY,UM688,INBOUND,10.2,30-62,"LTCG, LTFH, LTAC, LTCE",Widebody,,,,,
SIV,TURKEY,"W710, UW710",INBOUND,10.2,31-62,"LTAC, LTFH, LTCC",Widebody,,,,,
EZS,TURKEY,"W710, UW710",INBOUND,10.2,31-62,"LTAC, LTFH, LTCC",Widebody,,,,,
RENGI,TURKEY,UM860,INBOUND,10.2,32-62,"LTCC, LTAF",Widebody,,,,,
SRT,TURKEY,UM860,INBOUND,10.2,32-62,"LTCC, LTAF",Widebody,,,,,
GEM,TURKEY,"UG8, UL614",INBOUND,10.2,33-62,LTAC,Widebody,,,,,
EZS,TURKEY,"UG8, UL614",INBOUND,10.2,33-62,LTAC,Widebody,,,,,
INTAB,TURKEY,UM688,INBOUND,10.2,34-62,"LTCG, LTCE",Widebody,,,,,
ERN,TURKEY,UM688,INBOUND,10.2,34-62,"LTCG, LTCE",Widebody,,,,,
EVSAS,TURKEY,UM688,INBOUND,10.2,34-62,"LTCG, LTCE",Widebody,,,,,
BAYIR,TURKEY,UM688,INBOUND,10.2,34-62,"LTCG, LTCE",Widebody,,,,,
BAYIR,TURKEY,UM688,INBOUND,10.2,35-62,LTCC,Widebody,,,,,
ULTED,TURKEY,UM688,INBOUND,10.2,35-62,LTCC,Widebody,,,,,
GEM,TURKEY,"W73, UW73",INBOUND,10.2,36-62,"LTAC, LTFH",Widebody,,,,,
ERH,TURKEY,"W73, UW73",INBOUND,10.2,36-62,"LTAC, LTFH",Widebody,,,,,
EZS,TURKEY,"UG8, UL614",INBOUND,10.2,37-62,"LTCC, LTAF",Widebody,,,,,
SRT,TURKEY,"UG8, UL614",INBOUND,10.2,37-62,"LTCC, LTAF",Widebody,,,,,
SRT,TURKEY,UG8,INBOUND,10.2,38-62,"LTCC, LTAF",Widebody,,,,,
NARLI,TURKEY,UG8,INBOUND,10.2,38-62,"LTCC, LTAF",Widebody,,,,,
DYB,TURKEY,UG8,INBOUND,10.2,38-62,"LTCC, LTAF",Widebody,,,,,
OTKEP,TURKEY,UG8,INBOUND,10.2,38-62,"LTCC, LTAF",Widebody,,,,,
EZS,TURKEY,"UW104, W104",INBOUND,10.2,39-62,LTCC,Widebody,,,,,
DYB,TURKEY,"UW104, W104",INBOUND,10.2,39-62,LTCC,Widebody,,,,,
KONUK,TURKEY,"UW88, W88",INBOUND,10.2,40-62,"LTCG, LTFH, LTCE",Widebody,,,,,
TBN,TURKEY,"UW88, W88",INBOUND,10.2,40-62,"LTCG, LTFH, LTCE",Widebody,,,,,
ERH,TURKEY,"UW73, W73",INBOUND,10.2,41-62,LTCC,Widebody,,,,,
DYB,TURKEY,"UW73, W73",INBOUND,10.2,41-62,LTCC,Widebody,,,,,
EZS,TURKEY,"UT36, T36",INBOUND,10.2,42-62,LTCC,Widebody,,,,,
RENGI,TURKEY,"UT36, T36",INBOUND,10.2,42-62,LTCC,Widebody,,,,,
RENGI,TURKEY,"UT36, T36",INBOUND,10.2,43-62,"LTCC, LTAF",Widebody,,,,,
ULKEM,TURKEY,"UT36, T36",INBOUND,10.2,43-62,"LTCC, LTAF",Widebody,,,,,
ULKEM,TURKEY,UT36,INBOUND,10.2,44-62,OITT,Widebody,,,,,
UMH,TURKEY,UT36,INBOUND,10.2,44-62,OITT,Widebody,,,,,
NARLI,TURKEY/IRAN,"UG8, G8, G206",INBOUND,10.2,45-62,OITT,Widebody,,,,,
UMH,TURKEY/IRAN,"UG8, G8, G206",INBOUND,10.2,45-62,OITT,Widebody,,,,,
TBN,TURKEY,"UP146, P146",INBOUND,10.2,46-62,"LTCG, LTCE",Widebody,,,,,
YAVUZ,TURKEY,"UP146, P146",INBOUND,10.2,46-62,"LTCG, LTCE",Widebody,,,,,
ARI,TURKEY,"UP146, P146",INBOUND,10.2,46-62,"LTCG, LTCE",Widebody,,,,,
TBN,TURKEY,"UW71, W71, UL851, L851",INBOUND,10.2,47-62,"LTCG, LTCE",Widebody,,,,,
ERZ,TURKEY,"UW71, W71, UL851, L851",INBOUND,10.2,47-62,"LTCG, LTCE",Widebody,,,,,
ERZ,TURKEY,"UW94, W94",INBOUND,10.2,48-62,"LTCE, LTCG",Widebody,,,,,
ARI,TURKEY,"UW94, W94",INBOUND,10.2,48-62,"LTCE, LTCG",Widebody,,,,,
BAG,TURKEY,"UA17, UL605",INBOUND,10.2,49-62,"LTAC, LTAF",Widebody,,,,,
ERHAN,TURKEY,"UA17, UL605",INBOUND,10.2,49-62,"LTAC, LTAF",Widebody,,,,,
GAZ,TURKEY,"UA17, UL605",INBOUND,10.2,49-62,"LTAC, LTAF",Widebody,,,,,
BAG,TURKEY,"UL601, UW75",INBOUND,10.2,50-62,"LTAC, LTAF",Widebody,,,,,
SELVI,TURKEY,"UL601, UW75",INBOUND,10.2,50-62,"LTAC, LTAF",Widebody,,,,,
ADA,TURKEY,"UL601, UW75",INBOUND,10.2,50-62,"LTAC, LTAF",Widebody,,,,,
SRT,TURKEY/IRAQ,"UG8, UM688",INBOUND,10.2,51-62,"LTCC, ORER, ORSU",Widebody,,,,,
OTKEP,TURKEY/IRAQ,"UG8, UM688",INBOUND,10.2,51-62,"LTCC, ORER, ORSU",Widebody,,,,,
NINVA,TURKEY/IRAQ,"UG8, UM688",INBOUND,10.2,51-62,"LTCC, ORER, ORSU",Widebody,,,,,
ROXOP,TURKEY/IRAQ,"UG8, UM688",INBOUND,10.2,51-62,"LTCC, ORER, ORSU",Widebody,,,,,
ULTED,TURKEY/IRAQ,"M688, UM688",INBOUND,10.2,52-62,"LTCC, ORER, ORSU",Widebody,,,,,
OTKEP,TURKEY/IRAQ,"M688, UM688",INBOUND,10.2,52-62,"LTCC, ORER, ORSU",Widebody,,,,,
NINVA,TURKEY/IRAQ,"M688, UM688",INBOUND,10.2,52-62,"LTCC, ORER, ORSU",Widebody,,,,,
ROXOP,TURKEY/IRAQ,"M688, UM688",INBOUND,10.2,52-62,"LTCC, ORER, ORSU",Widebody,,,,,
ARI,TURKEY/IRAN,"UT30, T30, UL333, UR660",INBOUND,10.2,53-62,OITT,Widebody,,,,,
TBZ,TURKEY/IRAN,"UT30, T30, UL333, UR660",INBOUND,10.2,53-62,OITT,Widebody,,,,,
BAG,TURKEY,"UG8, UL614",INBOUND,10.2,54-62,LTAC,Widebody,,,,,
GEM,TURKEY,"UG8, UL614",INBOUND,10.2,54-62,LTAC,Widebody,,,,,
EZS,TURKEY,"UG8, UL614",INBOUND,10.2,54-62,LTAC,Widebody,,,,,
NARLI,TURKEY/IRAN,"UG8, G8, G208",INBOUND,10.2,55-62,OITT,Widebody,,,,,
UMH,TURKEY/IRAN,"UG8, G8, G208",INBOUND,10.2,55-62,OITT,Widebody,,,,,
SRT,TURKEY,"UG8, G8",INBOUND,10.2,56-62,"LTCC, LTAF",Widebody,,,,,
OTKEP,TURKEY,"UG8, G8",INBOUND,10.2,56-62,"LTCC, LTAF",Widebody,,,,,
NARLI,TURKEY,"UG8, G8",INBOUND,10.2,56-62,"LTCC, LTAF",Widebody,,,,,
ALPS,EUROPEAN ALPS,,OUT/INBOUND,10.2,58-62,,Widebody,,,,,
040W,GREENLAND,,OUTBOUND,10.2,60-62,"BIKF, BGSF",Widebody,,,,,
024W,GREENLAND,,OUTBOUND,10.2,60-62,"BIKF, BGSF",Widebody,,,,,
050W,GREENLAND,,OUTBOUND,10.2,60-62,"BIKF, BGSF",Widebody,,,,,
040W,GREENLAND,,INBOUND,10.2,61-62,"BIKF, BGSF",Widebody,,,,,
024W,GREENLAND,,INBOUND,10.2,61-62,"BIKF, BGSF",Widebody,,,,,
050W,GREENLAND,,INBOUND,10.2,61-62,"BIKF, BGSF",Widebody,,,,,
